unique_row,study_ID,long_cite,short_cite,peer_reviewed,coder,expt_num,expt_condition,same_infant,response_mode,exposure_phase,method,dependent_measure,participant_design,native_lang,infant_type,group_name_1,group_name_2,n_1,n_2,mean_age_1,mean_age_2,x_1,x_2,SD_1,SD_2,t,F,r,d,d_var,corr,test_lang,stimuli_link,data_link,age_range_1,age_range_2,n_excluded_1,n_excluded_2,gender_1,gender_2,num_trials,special_cases_measures,x_dif,SD_dif,contrast_sampa,audio_condition,speaker,speech_type,object_stimulus,cue_type,N_AFC,mean_comprehension_vocab,mean_production_vocab,pointing_modality,motive,correlation_type,condition_type,stimulus_naturalness,contrast_pseudoIPA,sampa_comments,counterbalanced,backness,height,nasality,roundness,tenseness,length,F1_1,F2_1,F1_2,F2_2,duration_word_1,duration_word_2,duration_vowel_1,duration_vowel_2,peripherality,Linguistic,words_to_passage,edge_alignment,familiarization_voice,familiarization_register,familiarization_affect,test_voice,test_register,indexical,rule.type,repetitions,types,tokens,expt_condition2,word_round,word_spiky,multiple_age_groups_younger_older,replication,native,label_present,instruction_code,taxonomic_type,tokens_per_trial,word_types_per_cond,publication_type,main_or_baseline_study,Modality,Semantics,TrainingRule,Speech,Nonspeech,CorrectPronunciation,Mispronunciation,is_correct,n_feature,type_feature,mispron_location,scenarios,Hamlin_Lab,stimuli_type,minimal_pairs,cues_present,word_typicality,ME_trial_type,preceding,task_difficulty,median_production_vocab,sentence_structure,agent_argument_type,patient_argument_type,stimuli_modality,stimuli_actor,transitive_event,intransitive_event,presentation_type,character_identification,practice_phase,test_mass_or_distributed,n_train_test_pair,n_test_trial_per_pair,n_repetitions_sentence,n_repetitions_video,learning_domain,live_video,task,rhythm_class,speech_manip,percentV,deltaC,deltaV,VarcoV,nPVI_V,rPVI_C,corr_imputed,dataset,short_name,domain,d_calc,d_var_calc,g_calc,g_var_calc,r_calc,r_var_calc,z_calc,z_var_calc,log_odds_calc,log_odds_var_calc,es_method,mean_age,n,same_infant_calc,all_mod,mean_age_months,year
1,trehub1976,"Trehub, S. E. (1976).The Discrimination of Foreign Speech Contrasts by Infants and Adults. Child Development 47(2), 466-472.",Trehub (1976),yes,Sho Tsuji,1,NA,9,behavior,habituation,high-amplitude sucking,sucking_time,between,Canadian English,typical,experimental,control,10,10,73.5,73.5,NA,NA,NA,NA,NA,5.25,NA,NA,NA,NA,nonnative,NA,NA,77,77,8.25,8.25,NA,NA,NA,NA,NA,NA,pa-pa~_,NA,NA,NA,NA,NA,NA,NA,NA,NA,NA,NA,NA,natural,pa-pã_,French,1,0,0,1,0,0,0,678,1200,692,987,500,500,500,500,NA,NA,NA,NA,NA,NA,NA,NA,NA,NA,NA,NA,NA,NA,NA,NA,NA,NA,NA,NA,NA,NA,NA,NA,NA,NA,NA,NA,NA,NA,NA,NA,NA,NA,NA,NA,NA,NA,NA,NA,NA,NA,NA,NA,NA,NA,NA,NA,NA,NA,NA,NA,NA,NA,NA,NA,NA,NA,NA,NA,NA,NA,NA,NA,NA,NA,NA,NA,NA,NA,NA,NA,NA,NA,0.43,Vowel discrimination (non-native),inphondb-nonnative,early_language,1.02469507659596,0.22625,0.9794879408637853,0.20672713019031144,0.45598332434334476,0.028108290683984575,0.49222843773170677,0.14285714285714285,1.8585912784636853,0.7443326652488224,between,73.5,10,trehub1976 9,,2.4148339801638636,1976
2,mugitani2009,"Mugitani, R., Pons, F., Fais, L., Dietrich, C., Werker, J. F., & Amano, S. (2009). Perception of vowel length by Japanese- and English-learning infants. Developmental psychology, 45(1), 236-247.",Mugitani et al. (2009),yes,Alex Cristia,1,NA,17,eye-tracking,habituation,central fixation,looking_time,within_two,Canadian English,typical,NA,NA,8,NA,541.14,NA,NA,NA,3.818376618,2.2627417,NA,NA,NA,NA,NA,NA,nonnative,NA,NA,25.42,NA,2,NA,NA,NA,NA,NA,2.11,NA,ta:ku-taku,NA,NA,NA,NA,NA,NA,NA,NA,NA,NA,NA,NA,natural_processed,ta:ku-taku,not_looked_up,0,0,0,0,0,0,1,NA,NA,NA,NA,NA,NA,200,100,NA,NA,NA,NA,NA,NA,NA,NA,NA,NA,NA,NA,NA,NA,NA,NA,NA,NA,NA,NA,NA,NA,NA,NA,NA,NA,NA,NA,NA,NA,NA,NA,NA,NA,NA,NA,NA,NA,NA,NA,NA,NA,NA,NA,NA,NA,NA,NA,NA,NA,NA,NA,NA,NA,NA,NA,NA,NA,NA,NA,NA,NA,NA,NA,NA,NA,NA,NA,NA,NA,NA,NA,NA,NA,0.35,Vowel discrimination (non-native),inphondb-nonnative,early_language,0.6723019022478133,0.19074936548537677,0.5882641644668366,0.1460424829497416,0.31863043569968924,0.03458761281636492,0.3301220452170596,0.2,1.2194207628705391,0.627540259033159,subj_diff_two,541.14,8,mugitani2009 17,,17.77909197314113,2009
3,mugitani2009,"Mugitani, R., Pons, F., Fais, L., Dietrich, C., Werker, J. F., & Amano, S. (2009). Perception of vowel length by Japanese- and English-learning infants. Developmental psychology, 45(1), 236-247.",Mugitani et al. (2009),yes,Alex Cristia,1,NA,18,eye-tracking,habituation,central fixation,looking_time,within_two,Canadian English,typical,NA,NA,8,NA,541.14,NA,NA,NA,1.753624817,2.517300141,NA,NA,NA,NA,NA,NA,nonnative,NA,NA,25.42,NA,2,NA,NA,NA,NA,NA,3.54,NA,taku-ta:ku,NA,NA,NA,NA,NA,NA,NA,NA,NA,NA,NA,NA,natural_processed,taku-ta:ku,not_looked_up,0,0,0,0,0,0,1,NA,NA,NA,NA,NA,NA,100,200,NA,NA,NA,NA,NA,NA,NA,NA,NA,NA,NA,NA,NA,NA,NA,NA,NA,NA,NA,NA,NA,NA,NA,NA,NA,NA,NA,NA,NA,NA,NA,NA,NA,NA,NA,NA,NA,NA,NA,NA,NA,NA,NA,NA,NA,NA,NA,NA,NA,NA,NA,NA,NA,NA,NA,NA,NA,NA,NA,NA,NA,NA,NA,NA,NA,NA,NA,NA,NA,NA,NA,NA,NA,NA,0.46,Vowel discrimination (non-native),inphondb-nonnative,early_language,1.6318389711958865,0.3014311517446031,1.4278590997964007,0.23078322555446176,0.6321872085932297,0.016304914934851634,0.7450510751844343,0.2,2.959828488487719,0.9916687406279897,subj_diff_two,541.14,8,mugitani2009 18,,17.77909197314113,2009
8,bosch2003,"Bosch, L., & Sebastian-Galles, N. (2003). Simultaneous Bilingualism and the Perception of a Language-Specific Vowel Contrast in the First Year of Life. Language and Speech 46(2-3), 217-243.",Bosch & Sebastian-Galles (2003),yes,Sho Tsuji,1,NA,76,eye-tracking,familiarization,head-turn preference procedure,looking_time,within_two,Peninsular Spanish,typical,NA,NA,12,NA,140,NA,NA,NA,4.679,6.376,2.616,NA,NA,NA,NA,0.776,nonnative,NA,NA,38,NA,3,NA,NA,NA,NA,NA,3.043,NA,dEDi -deDi_,NA,NA,NA,NA,NA,NA,NA,NA,NA,NA,NA,NA,natural,dεði -deði_,AEnglish,1,0,0,0,0,1,0,675,2525,442,2715,761.9,792.8,NA,NA,NA,NA,NA,NA,NA,NA,NA,NA,NA,NA,NA,NA,NA,NA,NA,NA,NA,NA,NA,NA,NA,NA,NA,NA,NA,NA,NA,NA,NA,NA,NA,NA,NA,NA,NA,NA,NA,NA,NA,NA,NA,NA,NA,NA,NA,NA,NA,NA,NA,NA,NA,NA,NA,NA,NA,NA,NA,NA,NA,NA,NA,NA,NA,NA,NA,NA,NA,NA,NA,NA,NA,NA,NA,NA,0.776,Vowel discrimination (non-native),inphondb-nonnative,early_language,0.5441463648103876,0.04967063609734831,0.5033353874496085,0.04249943801079365,0.2625299044749493,0.0100230060944941,0.26882365431528243,0.1111111111111111,0.9869723305434417,0.16340984287709892,subj_diff_two,140,12,bosch2003 76,,4.599683771740692,2003
9,bosch2003,"Bosch, L., & Sebastian-Galles, N. (2003). Simultaneous Bilingualism and the Perception of a Language-Specific Vowel Contrast in the First Year of Life. Language and Speech 46(2-3), 217-243.",Bosch & Sebastian-Galles (2003),yes,Sho Tsuji,2,NA,79,eye-tracking,familiarization,head-turn preference procedure,looking_time,within_two,Peninsular Spanish,typical,NA,NA,12,NA,245,NA,NA,NA,7.082,6.057,1.02,NA,NA,NA,NA,0.754,nonnative,NA,NA,27,NA,3,NA,NA,NA,NA,NA,-1.388,NA,dEDi -deDi_,NA,NA,NA,NA,NA,NA,NA,NA,NA,NA,NA,NA,natural,dεði -deði_,AEnglish,1,0,0,0,0,1,0,675,2525,442,2715,761.9,792.8,NA,NA,NA,NA,NA,NA,NA,NA,NA,NA,NA,NA,NA,NA,NA,NA,NA,NA,NA,NA,NA,NA,NA,NA,NA,NA,NA,NA,NA,NA,NA,NA,NA,NA,NA,NA,NA,NA,NA,NA,NA,NA,NA,NA,NA,NA,NA,NA,NA,NA,NA,NA,NA,NA,NA,NA,NA,NA,NA,NA,NA,NA,NA,NA,NA,NA,NA,NA,NA,NA,NA,NA,NA,NA,NA,NA,0.754,Vowel discrimination (non-native),inphondb-nonnative,early_language,-0.21063940679863832,0.042848706654020095,-0.19484145128874045,0.03666242463084595,-0.1047404025675519,0.0103634747767937,-0.10512596366681887,0.1111111111111111,-0.382057622134043,0.14096659459116787,subj_diff_two,245,12,bosch2003 79,,8.049446600546212,2003
10,tsao2004,"Tsao, F.-M., Liu, H.-M., & Kuhl, P. K. (2004). Speech perception in infancy predicts language development in the second year of life: A longitudinal study. Child Development, 75(4), 1067–1084. Retrieved from http://cat.inist.fr/?aModele=afficheN&cpsidt=16017499","Tsao Liu, & Kuhl (2004)",yes,Alex Cristia,1,NA,82,behavior,conditioning,conditioned head-turn,pc_head_turns,within_one,American English,typical,NA,NA,28,NA,180.0864,NA,73.61,50,10.98,NA,NA,NA,NA,NA,NA,NA,nonnative,NA,NA,18.252,NA,6,NA,NA,NA,NA,NA,NA,NA,u:-y:,NA,NA,NA,NA,NA,NA,NA,NA,NA,NA,NA,NA,synthetic,u-y,not_looked_up,0,2,0,0,0,0,0,289,630,255,1947,271,271,271,271,0,NA,NA,NA,NA,NA,NA,NA,NA,NA,NA,NA,NA,NA,NA,NA,NA,NA,NA,NA,NA,NA,NA,NA,NA,NA,NA,NA,NA,NA,NA,NA,NA,NA,NA,NA,NA,NA,NA,NA,NA,NA,NA,NA,NA,NA,NA,NA,NA,NA,NA,NA,NA,NA,NA,NA,NA,NA,NA,NA,NA,NA,NA,NA,NA,NA,NA,NA,NA,NA,NA,NA,NA,NA,0.49,Vowel discrimination (non-native),inphondb-nonnative,early_language,2.150273224043716,0.11827990960784565,2.0882461118116855,0.11155448945170428,0.7322298984895452,0.0029508955211418435,0.9335180169915521,0.04,3.9001642067003535,0.3891253054753483,group_means_one,180.0864,28,tsao2004 82,,5.916717797080022,2004
11,cardillo2010,"Cardillo, G.C. (2010). Predicting the predictors: Individual differences in longitudinal relationships between infant phonetic perception, toddler vocabulary, and preschooler language and phonological awareness. Ph.D. thesis, University of Washington.",Cardillo (2010),no,Alex Cristia,1,6mo_measure,83,behavior,conditioning,conditioned head-turn,pc_head_turns,within_one,American English,typical,NA,NA,28,NA,212.6358,NA,77.12,50,8.81,NA,NA,NA,NA,NA,NA,NA,nonnative,NA,NA,12.168,NA,0,NA,NA,NA,NA,NA,NA,NA,u:-y:,NA,NA,NA,NA,NA,NA,NA,NA,NA,NA,NA,NA,synthetic,u-y,not_looked_up,0,2,0,0,0,0,0,289,630,255,1947,271,271,271,271,0,NA,NA,NA,NA,NA,NA,NA,NA,NA,NA,NA,NA,NA,NA,NA,NA,NA,NA,NA,NA,NA,NA,NA,NA,NA,NA,NA,NA,NA,NA,NA,NA,NA,NA,NA,NA,NA,NA,NA,NA,NA,NA,NA,NA,NA,NA,NA,NA,NA,NA,NA,NA,NA,NA,NA,NA,NA,NA,NA,NA,NA,NA,NA,NA,NA,NA,NA,NA,NA,NA,NA,NA,NA,0.57,Vowel discrimination (non-native),inphondb-nonnative,early_language,3.0783200908059025,0.20492954609748681,2.9895223958788093,0.19327720966535347,0.8385566282816002,0.0013397885959647831,1.2162908299785102,0.04,5.583455023613166,0.6741911833590001,group_means_one,212.6358,28,cardillo2010 83,,6.986124561079283,2010
12,cardillo2010,"Cardillo, G.C. (2010). Predicting the predictors: Individual differences in longitudinal relationships between infant phonetic perception, toddler vocabulary, and preschooler language and phonological awareness. Ph.D. thesis, University of Washington.",Cardillo (2010),no,Alex Cristia,1,11mo_measure,83,behavior,conditioning,conditioned head-turn,pc_head_turns,within_one,American English,typical,NA,NA,27,NA,323.6688,NA,82.34,50,9.35,NA,NA,NA,NA,NA,NA,NA,nonnative,NA,NA,NA,NA,0,NA,NA,NA,NA,NA,NA,NA,u:-y:,NA,NA,NA,NA,NA,NA,NA,NA,NA,NA,NA,NA,synthetic,u-y,not_looked_up,0,2,0,0,0,0,0,289,630,255,1947,271,271,271,271,0,NA,NA,NA,NA,NA,NA,NA,NA,NA,NA,NA,NA,NA,NA,NA,NA,NA,NA,NA,NA,NA,NA,NA,NA,NA,NA,NA,NA,NA,NA,NA,NA,NA,NA,NA,NA,NA,NA,NA,NA,NA,NA,NA,NA,NA,NA,NA,NA,NA,NA,NA,NA,NA,NA,NA,NA,NA,NA,NA,NA,NA,NA,NA,NA,NA,NA,NA,NA,NA,NA,NA,NA,NA,0.55,Vowel discrimination (non-native),inphondb-nonnative,early_language,3.4588235294117653,0.2585825964372678,3.3550588235294123,0.24330036498782523,0.8656949571851208,0.0010170403243950962,1.3156376210800806,0.041666666666666664,6.273611918645413,0.8507026439474571,group_means_one,323.6688,27,cardillo2010 83,,10.634100905562741,2010
13,polka2011,"Polka, Linda, & Bohn, O.-S. (2011). Natural Referent Vowel (NRV) framework: An emerging view of early phonetic development. Journal of Phonetics, 39(4), 467–478.",Polka & Bohn (2011),yes,Sho Tsuji,1,NA,88,behavior,conditioning,conditioned head-turn,pc_head_turns,within_one,Danish,typical,NA,NA,17,NA,107.26,NA,55.7,50,8.7,NA,NA,NA,NA,NA,NA,NA,nonnative,NA,NA,66.84,NA,17.25,NA,NA,NA,NA,NA,NA,NA,dAt-dVt,NA,NA,NA,NA,NA,NA,NA,NA,NA,NA,NA,NA,natural,dɒt-dʌt,AEnglish,0,0,1,0,0,0,0,653,898,672,1454,NA,NA,171.25,152,0,NA,NA,NA,NA,NA,NA,NA,NA,NA,NA,NA,NA,NA,NA,NA,NA,NA,NA,NA,NA,NA,NA,NA,NA,NA,NA,NA,NA,NA,NA,NA,NA,NA,NA,NA,NA,NA,NA,NA,NA,NA,NA,NA,NA,NA,NA,NA,NA,NA,NA,NA,NA,NA,NA,NA,NA,NA,NA,NA,NA,NA,NA,NA,NA,NA,NA,NA,NA,NA,NA,NA,NA,NA,0.59,Vowel discrimination (non-native),inphondb-nonnative,early_language,0.6551724137931039,0.07144855564104359,0.6224137931034487,0.06448232146604184,0.31130812979723554,0.013155961460889577,0.3219932661960488,0.07142857142857142,1.1883513076017298,0.23505632640210725,group_means_one,107.26,17,polka2011 88,,3.524014866835048,2011
14,polka2011,"Polka, Linda, & Bohn, O.-S. (2011). Natural Referent Vowel (NRV) framework: An emerging view of early phonetic development. Journal of Phonetics, 39(4), 467–478.",Polka & Bohn (2011),yes,Sho Tsuji,1,NA,89,behavior,conditioning,conditioned head-turn,pc_head_turns,within_one,Danish,typical,NA,NA,17,NA,107.26,NA,63.4,50,9.7,NA,NA,NA,NA,NA,NA,NA,nonnative,NA,NA,66.84,NA,17.25,NA,NA,NA,NA,NA,NA,NA,dVt-dAt,NA,NA,NA,NA,NA,NA,NA,NA,NA,NA,NA,NA,natural,dʌt-dɒt,AEnglish,0,0,1,0,0,0,0,672,1454,653,898,NA,NA,152,171.25,1,NA,NA,NA,NA,NA,NA,NA,NA,NA,NA,NA,NA,NA,NA,NA,NA,NA,NA,NA,NA,NA,NA,NA,NA,NA,NA,NA,NA,NA,NA,NA,NA,NA,NA,NA,NA,NA,NA,NA,NA,NA,NA,NA,NA,NA,NA,NA,NA,NA,NA,NA,NA,NA,NA,NA,NA,NA,NA,NA,NA,NA,NA,NA,NA,NA,NA,NA,NA,NA,NA,NA,NA,NA,0.6,Vowel discrimination (non-native),inphondb-nonnative,early_language,1.3814432989690721,0.11495251730195745,1.3123711340206186,0.1037446468650166,0.5683274712248705,0.008917271269947324,0.6450488800010196,0.07142857142857142,2.5056609773957237,0.3781786235598999,group_means_one,107.26,17,polka2011 89,,3.524014866835048,2011
15,polka2011,"Polka, Linda, & Bohn, O.-S. (2011). Natural Referent Vowel (NRV) framework: An emerging view of early phonetic development. Journal of Phonetics, 39(4), 467–478.",Polka & Bohn (2011),yes,Sho Tsuji,1,NA,90,behavior,conditioning,conditioned head-turn,pc_head_turns,within_one,Danish,typical,NA,NA,18,NA,143.18,NA,56.7,50,12.2,NA,NA,NA,NA,NA,NA,NA,nonnative,NA,NA,86.26,NA,17.25,NA,NA,NA,NA,NA,NA,NA,dAt-dVt,NA,NA,NA,NA,NA,NA,NA,NA,NA,NA,NA,NA,natural,dɒt-dʌt,AEnglish,0,0,1,0,0,0,0,653,898,672,1454,NA,NA,171.25,152,0,NA,NA,NA,NA,NA,NA,NA,NA,NA,NA,NA,NA,NA,NA,NA,NA,NA,NA,NA,NA,NA,NA,NA,NA,NA,NA,NA,NA,NA,NA,NA,NA,NA,NA,NA,NA,NA,NA,NA,NA,NA,NA,NA,NA,NA,NA,NA,NA,NA,NA,NA,NA,NA,NA,NA,NA,NA,NA,NA,NA,NA,NA,NA,NA,NA,NA,NA,NA,NA,NA,NA,NA,NA,0.776,Vowel discrimination (non-native),inphondb-nonnative,early_language,0.5491803278688527,0.06393330645883724,0.5234375000000002,0.05808003743489584,0.2647890424787068,0.012851605059119257,0.27125157367437586,0.06666666666666667,0.9961029295384645,0.21033214760077823,group_means_one,143.18,18,polka2011 90,,4.704162303127374,2011
16,polka2011,"Polka, Linda, & Bohn, O.-S. (2011). Natural Referent Vowel (NRV) framework: An emerging view of early phonetic development. Journal of Phonetics, 39(4), 467–478.",Polka & Bohn (2011),yes,Sho Tsuji,1,NA,91,behavior,conditioning,conditioned head-turn,pc_head_turns,within_one,Danish,typical,NA,NA,18,NA,143.18,NA,65.1,50,9.8,NA,NA,NA,NA,NA,NA,NA,nonnative,NA,NA,86.26,NA,17.25,NA,NA,NA,NA,NA,NA,NA,dVt-dAt,NA,NA,NA,NA,NA,NA,NA,NA,NA,NA,NA,NA,natural,dʌt-dɒt,AEnglish,0,0,1,0,0,0,0,672,1454,653,898,NA,NA,152,171.25,1,NA,NA,NA,NA,NA,NA,NA,NA,NA,NA,NA,NA,NA,NA,NA,NA,NA,NA,NA,NA,NA,NA,NA,NA,NA,NA,NA,NA,NA,NA,NA,NA,NA,NA,NA,NA,NA,NA,NA,NA,NA,NA,NA,NA,NA,NA,NA,NA,NA,NA,NA,NA,NA,NA,NA,NA,NA,NA,NA,NA,NA,NA,NA,NA,NA,NA,NA,NA,NA,NA,NA,NA,NA,0.62,Vowel discrimination (non-native),inphondb-nonnative,early_language,1.5408163265306116,0.12150319311398022,1.4685905612244892,0.11037924354910167,0.6102965654817626,0.007506681678163336,0.7093938088178501,0.06666666666666667,2.7947316734629264,0.3997294831680498,group_means_one,143.18,18,polka2011 91,,4.704162303127374,2011
17,eilers1984,"Eilers, R. E., Bull, D. H., Oller, D. K., & Lewis, D. C. (1984). The discrimination of vowel duration by infants. The Journal of the Acoustical Society of America, 75(4), 1213–1218.","Eilers, Bull, Oller, & Lewis (1984)",yes,Sho Tsuji,1,group1,114,behavior,conditioning,conditioned head-turn,pc_head_turns,within_one,American English,typical,NA,NA,9,NA,234,NA,58,50,NA,NA,1.65,NA,NA,NA,NA,NA,nonnative,NA,NA,182.52,NA,3.666666667,NA,NA,NA,NA,NA,NA,NA,mAd(300)-mAd(400),NA,NA,NA,NA,NA,NA,NA,NA,NA,NA,NA,NA,synthetic,mad(300)-mad(400),not_looked_up,0,0,0,0,0,0,1,745,900,745,900,540,640,300,400,NA,NA,NA,NA,NA,NA,NA,NA,NA,NA,NA,NA,NA,NA,NA,NA,NA,NA,NA,NA,NA,NA,NA,NA,NA,NA,NA,NA,NA,NA,NA,NA,NA,NA,NA,NA,NA,NA,NA,NA,NA,NA,NA,NA,NA,NA,NA,NA,NA,NA,NA,NA,NA,NA,NA,NA,NA,NA,NA,NA,NA,NA,NA,NA,NA,NA,NA,NA,NA,NA,NA,NA,NA,NA,0.62,Vowel discrimination (non-native),inphondb-nonnative,early_language,0.5499999999999999,0.12791666666666665,0.49107142857142855,0.10197438350340135,0.26515648302104233,0.025697121588017437,0.27164676051377523,0.16666666666666666,0.9975896503288197,0.4208289654353379,t_one,234,9,eilers1984 114,,7.688042875623729,1984
18,eilers1984,"Eilers, R. E., Bull, D. H., Oller, D. K., & Lewis, D. C. (1984). The discrimination of vowel duration by infants. The Journal of the Acoustical Society of America, 75(4), 1213–1218.","Eilers, Bull, Oller, & Lewis (1984)",yes,Sho Tsuji,1,group1,114,behavior,conditioning,conditioned head-turn,pc_head_turns,within_one,American English,typical,NA,NA,9,NA,234,NA,57,50,NA,NA,1.68,NA,NA,NA,NA,NA,nonnative,NA,NA,182.52,NA,3.666666667,NA,NA,NA,NA,NA,NA,NA,mAd(300)-mAd(500),NA,NA,NA,NA,NA,NA,NA,NA,NA,NA,NA,NA,synthetic,mad(300)-mad(500),not_looked_up,0,0,0,0,0,0,1,745,900,745,900,540,740,300,500,NA,NA,NA,NA,NA,NA,NA,NA,NA,NA,NA,NA,NA,NA,NA,NA,NA,NA,NA,NA,NA,NA,NA,NA,NA,NA,NA,NA,NA,NA,NA,NA,NA,NA,NA,NA,NA,NA,NA,NA,NA,NA,NA,NA,NA,NA,NA,NA,NA,NA,NA,NA,NA,NA,NA,NA,NA,NA,NA,NA,NA,NA,NA,NA,NA,NA,NA,NA,NA,NA,NA,NA,NA,NA,0.6,Vowel discrimination (non-native),inphondb-nonnative,early_language,0.5599999999999999,0.12853333333333333,0.5,0.10246598639455783,0.26962992551997084,0.025622183761295318,0.27646469136566126,0.16666666666666666,1.015727643971162,0.4228577174511174,t_one,234,9,eilers1984 114,,7.688042875623729,1984
19,eilers1984,"Eilers, R. E., Bull, D. H., Oller, D. K., & Lewis, D. C. (1984). The discrimination of vowel duration by infants. The Journal of the Acoustical Society of America, 75(4), 1213–1218.","Eilers, Bull, Oller, & Lewis (1984)",yes,Sho Tsuji,1,group1,114,behavior,conditioning,conditioned head-turn,pc_head_turns,within_one,American English,typical,NA,NA,9,NA,234,NA,67,50,NA,NA,5.26,NA,NA,NA,NA,NA,nonnative,NA,NA,182.52,NA,3.666666667,NA,NA,NA,NA,NA,NA,NA,mAd(300)-mAd(600),NA,NA,NA,NA,NA,NA,NA,NA,NA,NA,NA,NA,synthetic,mad(300)-mad(600),not_looked_up,0,0,0,0,0,0,1,745,900,745,900,540,840,300,600,NA,NA,NA,NA,NA,NA,NA,NA,NA,NA,NA,NA,NA,NA,NA,NA,NA,NA,NA,NA,NA,NA,NA,NA,NA,NA,NA,NA,NA,NA,NA,NA,NA,NA,NA,NA,NA,NA,NA,NA,NA,NA,NA,NA,NA,NA,NA,NA,NA,NA,NA,NA,NA,NA,NA,NA,NA,NA,NA,NA,NA,NA,NA,NA,NA,NA,NA,NA,NA,NA,NA,NA,NA,NA,0.46,Vowel discrimination (non-native),inphondb-nonnative,early_language,1.7533333333333332,0.28189876543209874,1.5654761904761905,0.22472796989166036,0.659214125263507,0.012740464074300224,0.7914225020049768,0.16666666666666666,3.180194885290662,0.9274097653234327,t_one,234,9,eilers1984 114,,7.688042875623729,1984
20,eilers1984,"Eilers, R. E., Bull, D. H., Oller, D. K., & Lewis, D. C. (1984). The discrimination of vowel duration by infants. The Journal of the Acoustical Society of America, 75(4), 1213–1218.","Eilers, Bull, Oller, & Lewis (1984)",yes,Sho Tsuji,1,group2,115,behavior,conditioning,conditioned head-turn,pc_head_turns,within_one,American English,typical,NA,NA,9,NA,234,NA,54,50,NA,NA,2.04,NA,NA,NA,NA,NA,nonnative,NA,NA,182.52,NA,3.666666667,NA,NA,NA,NA,NA,NA,NA,sAmAd(300)-sAmAd(400),NA,NA,NA,NA,NA,NA,NA,NA,NA,NA,NA,NA,synthetic,samad(300)-samad(400),not_looked_up,0,0,0,0,0,0,1,745,900,745,900,797,897,300,400,NA,NA,NA,NA,NA,NA,NA,NA,NA,NA,NA,NA,NA,NA,NA,NA,NA,NA,NA,NA,NA,NA,NA,NA,NA,NA,NA,NA,NA,NA,NA,NA,NA,NA,NA,NA,NA,NA,NA,NA,NA,NA,NA,NA,NA,NA,NA,NA,NA,NA,NA,NA,NA,NA,NA,NA,NA,NA,NA,NA,NA,NA,NA,NA,NA,NA,NA,NA,NA,NA,NA,NA,NA,NA,0.556,Vowel discrimination (non-native),inphondb-nonnative,early_language,0.68,0.1368,0.6071428571428572,0.1090561224489796,0.3219027332387024,0.024632051804420865,0.3337683516458822,0.16666666666666666,1.2333835676792684,0.45005396068967474,t_one,234,9,eilers1984 115,,7.688042875623729,1984
21,eilers1984,"Eilers, R. E., Bull, D. H., Oller, D. K., & Lewis, D. C. (1984). The discrimination of vowel duration by infants. The Journal of the Acoustical Society of America, 75(4), 1213–1218.","Eilers, Bull, Oller, & Lewis (1984)",yes,Sho Tsuji,1,group2,115,behavior,conditioning,conditioned head-turn,pc_head_turns,within_one,American English,typical,NA,NA,9,NA,234,NA,59,50,NA,NA,2.17,NA,NA,NA,NA,NA,nonnative,NA,NA,182.52,NA,3.666666667,NA,NA,NA,NA,NA,NA,NA,sAmAd(300)-sAmAd(500),NA,NA,NA,NA,NA,NA,NA,NA,NA,NA,NA,NA,synthetic,samad(300)-samad(500),not_looked_up,0,0,0,0,0,0,1,745,900,745,900,797,997,300,500,NA,NA,NA,NA,NA,NA,NA,NA,NA,NA,NA,NA,NA,NA,NA,NA,NA,NA,NA,NA,NA,NA,NA,NA,NA,NA,NA,NA,NA,NA,NA,NA,NA,NA,NA,NA,NA,NA,NA,NA,NA,NA,NA,NA,NA,NA,NA,NA,NA,NA,NA,NA,NA,NA,NA,NA,NA,NA,NA,NA,NA,NA,NA,NA,NA,NA,NA,NA,NA,NA,NA,NA,NA,NA,0.59,Vowel discrimination (non-native),inphondb-nonnative,early_language,0.7233333333333333,0.14017839506172838,0.6458333333333333,0.11174935830813806,0.3401065924400251,0.024235974788821467,0.3542130590489954,0.16666666666666666,1.3119815401294175,0.4611684349462924,t_one,234,9,eilers1984 115,,7.688042875623729,1984
22,eilers1984,"Eilers, R. E., Bull, D. H., Oller, D. K., & Lewis, D. C. (1984). The discrimination of vowel duration by infants. The Journal of the Acoustical Society of America, 75(4), 1213–1218.","Eilers, Bull, Oller, & Lewis (1984)",yes,Sho Tsuji,1,group2,115,behavior,conditioning,conditioned head-turn,pc_head_turns,within_one,American English,typical,NA,NA,9,NA,234,NA,63,50,NA,NA,3.74,NA,NA,NA,NA,NA,nonnative,NA,NA,182.52,NA,3.666666667,NA,NA,NA,NA,NA,NA,NA,sAmAd(300)-sAmAd(600),NA,NA,NA,NA,NA,NA,NA,NA,NA,NA,NA,NA,synthetic,samad(300)-samad(600),not_looked_up,0,0,0,0,0,0,1,745,900,745,900,797,1097,300,600,NA,NA,NA,NA,NA,NA,NA,NA,NA,NA,NA,NA,NA,NA,NA,NA,NA,NA,NA,NA,NA,NA,NA,NA,NA,NA,NA,NA,NA,NA,NA,NA,NA,NA,NA,NA,NA,NA,NA,NA,NA,NA,NA,NA,NA,NA,NA,NA,NA,NA,NA,NA,NA,NA,NA,NA,NA,NA,NA,NA,NA,NA,NA,NA,NA,NA,NA,NA,NA,NA,NA,NA,NA,NA,0.43,Vowel discrimination (non-native),inphondb-nonnative,early_language,1.2466666666666668,0.19745432098765434,1.1130952380952384,0.157409375787352,0.5289814700971436,0.018438572496080434,0.5887298260124524,0.16666666666666666,2.261203207411992,0.6495986784779547,t_one,234,9,eilers1984 115,,7.688042875623729,1984
23,eilers1984,"Eilers, R. E., Bull, D. H., Oller, D. K., & Lewis, D. C. (1984). The discrimination of vowel duration by infants. The Journal of the Acoustical Society of America, 75(4), 1213–1218.","Eilers, Bull, Oller, & Lewis (1984)",yes,Sho Tsuji,1,group3,116,behavior,conditioning,conditioned head-turn,pc_head_turns,within_one,American English,typical,NA,NA,9,NA,234,NA,58,50,NA,NA,2.41,NA,NA,NA,NA,NA,nonnative,NA,NA,182.52,NA,3.666666667,NA,NA,NA,NA,NA,NA,NA,mAsAmAd(300)-mAsAmAd(400),NA,NA,NA,NA,NA,NA,NA,NA,NA,NA,NA,NA,synthetic,masamad(300)-masamad(400),not_looked_up,0,0,0,0,0,0,1,745,900,745,900,1045,1145,300,400,NA,NA,NA,NA,NA,NA,NA,NA,NA,NA,NA,NA,NA,NA,NA,NA,NA,NA,NA,NA,NA,NA,NA,NA,NA,NA,NA,NA,NA,NA,NA,NA,NA,NA,NA,NA,NA,NA,NA,NA,NA,NA,NA,NA,NA,NA,NA,NA,NA,NA,NA,NA,NA,NA,NA,NA,NA,NA,NA,NA,NA,NA,NA,NA,NA,NA,NA,NA,NA,NA,NA,NA,NA,NA,0.6,Vowel discrimination (non-native),inphondb-nonnative,early_language,0.8033333333333333,0.14696358024691358,0.7172619047619048,0.11715846639581759,0.3727235440790517,0.023457187589007066,0.39158233588801894,0.16666666666666666,1.457085489268155,0.48349079946826246,t_one,234,9,eilers1984 116,,7.688042875623729,1984
24,eilers1984,"Eilers, R. E., Bull, D. H., Oller, D. K., & Lewis, D. C. (1984). The discrimination of vowel duration by infants. The Journal of the Acoustical Society of America, 75(4), 1213–1218.","Eilers, Bull, Oller, & Lewis (1984)",yes,Sho Tsuji,1,group3,116,behavior,conditioning,conditioned head-turn,pc_head_turns,within_one,American English,typical,NA,NA,9,NA,234,NA,59,50,NA,NA,2.95,NA,NA,NA,NA,NA,nonnative,NA,NA,182.52,NA,3.666666667,NA,NA,NA,NA,NA,NA,NA,mAsAmAd(300)-mAsAmAd(500),NA,NA,NA,NA,NA,NA,NA,NA,NA,NA,NA,NA,synthetic,masamad(300)-masamad(500),not_looked_up,0,0,0,0,0,0,1,745,900,745,900,1045,1245,300,500,NA,NA,NA,NA,NA,NA,NA,NA,NA,NA,NA,NA,NA,NA,NA,NA,NA,NA,NA,NA,NA,NA,NA,NA,NA,NA,NA,NA,NA,NA,NA,NA,NA,NA,NA,NA,NA,NA,NA,NA,NA,NA,NA,NA,NA,NA,NA,NA,NA,NA,NA,NA,NA,NA,NA,NA,NA,NA,NA,NA,NA,NA,NA,NA,NA,NA,NA,NA,NA,NA,NA,NA,NA,NA,0.22,Vowel discrimination (non-native),inphondb-nonnative,early_language,0.9833333333333334,0.16483024691358025,0.8779761904761906,0.13140166367472916,0.44122093443110605,0.021522315058560545,0.4737458704864933,0.16666666666666666,1.7835693748303143,0.5422697767903057,t_one,234,9,eilers1984 116,,7.688042875623729,1984
25,eilers1984,"Eilers, R. E., Bull, D. H., Oller, D. K., & Lewis, D. C. (1984). The discrimination of vowel duration by infants. The Journal of the Acoustical Society of America, 75(4), 1213–1218.","Eilers, Bull, Oller, & Lewis (1984)",yes,Sho Tsuji,1,group3,116,behavior,conditioning,conditioned head-turn,pc_head_turns,within_one,American English,typical,NA,NA,9,NA,234,NA,64,50,NA,NA,3.44,NA,NA,NA,NA,NA,nonnative,NA,NA,182.52,NA,3.666666667,NA,NA,NA,NA,NA,NA,NA,mAsAmAd(300)-mAsAmAd(600),NA,NA,NA,NA,NA,NA,NA,NA,NA,NA,NA,NA,synthetic,masamad(300)-masamad(600),not_looked_up,0,0,0,0,0,0,1,745,900,745,900,1045,1345,300,600,NA,NA,NA,NA,NA,NA,NA,NA,NA,NA,NA,NA,NA,NA,NA,NA,NA,NA,NA,NA,NA,NA,NA,NA,NA,NA,NA,NA,NA,NA,NA,NA,NA,NA,NA,NA,NA,NA,NA,NA,NA,NA,NA,NA,NA,NA,NA,NA,NA,NA,NA,NA,NA,NA,NA,NA,NA,NA,NA,NA,NA,NA,NA,NA,NA,NA,NA,NA,NA,NA,NA,NA,NA,NA,0.59,Vowel discrimination (non-native),inphondb-nonnative,early_language,1.1466666666666667,0.184158024691358,1.023809523809524,0.14680964978584024,0.497384112444042,0.019626323655964444,0.5458243521497614,0.16666666666666666,2.07982327098857,0.6058556169965832,t_one,234,9,eilers1984 116,,7.688042875623729,1984
42,albareda2011,"Albareda-Castellot, B., Pons, F., & Sebastián-Gallés, N. (2011). The acquisition of phonetic categories in bilingual infants: new data from an anticipatory eye movement paradigm. Developmental Science, 14(2), 395-401.",Albareda-Castellot et al. (2011),yes,Sho Tsuji,2,NA,145,eye-tracking,conditioning,anticipatory eye movements,target_selection,within_one,Peninsular Spanish,typical,NA,NA,18,NA,239,NA,53,50,9,NA,NA,NA,NA,NA,NA,NA,nonnative,NA,NA,19,NA,17,NA,NA,NA,NA,NA,NA,NA,dEDi -deDi_,NA,NA,NA,NA,NA,NA,NA,NA,NA,NA,NA,NA,natural,dεði -deði_,not_looked_up,1,0,0,0,0,1,0,675,2527,442,2717,761.9,792.8,NA,NA,NA,NA,NA,NA,NA,NA,NA,NA,NA,NA,NA,NA,NA,NA,NA,NA,NA,NA,NA,NA,NA,NA,NA,NA,NA,NA,NA,NA,NA,NA,NA,NA,NA,NA,NA,NA,NA,NA,NA,NA,NA,NA,NA,NA,NA,NA,NA,NA,NA,NA,NA,NA,NA,NA,NA,NA,NA,NA,NA,NA,NA,NA,NA,NA,NA,NA,NA,NA,NA,NA,NA,NA,NA,NA,0.12,Vowel discrimination (non-native),inphondb-nonnative,early_language,0.3333333333333333,0.05864197530864197,0.3177083333333333,0.053273142119984566,0.1643989873053573,0.013503642429865953,0.16590455026930118,0.06666666666666667,0.6045997880780726,0.19292436586491543,group_means_one,239,18,albareda2011 145,,7.85231729604304,2011
43,benderssubmitted,"Benders, T. (submitted). Learning phonemes from multiple auditory cues: Dutch infants' language input and perception.",Benders (submitted),no,Sho Tsuji,1,NA,149,eye-tracking,test_only,stimulus alternation,looking_time,within_one,Dutch,typical,NA,NA,18,NA,350,NA,0.9016766,1,0.2859144,NA,NA,NA,NA,NA,NA,NA,nonnative,NA,NA,71.4,NA,14.5,NA,NA,NA,NA,NA,NA,NA,sɑk -sak/sɑ:k -sa:k,NA,NA,NA,NA,NA,NA,NA,NA,NA,NA,NA,NA,synthetic,sɑk -sak/sɑ:k -sa:k,not_looked_up,NA,1,0,0,0,0,0,1001,1354,1113,1734,150,150,NA,NA,NA,NA,NA,NA,NA,NA,NA,NA,NA,NA,NA,NA,NA,NA,NA,NA,NA,NA,NA,NA,NA,NA,NA,NA,NA,NA,NA,NA,NA,NA,NA,NA,NA,NA,NA,NA,NA,NA,NA,NA,NA,NA,NA,NA,NA,NA,NA,NA,NA,NA,NA,NA,NA,NA,NA,NA,NA,NA,NA,NA,NA,NA,NA,NA,NA,NA,NA,NA,NA,NA,NA,NA,NA,NA,0.22,Vowel discrimination (non-native),inphondb-nonnative,early_language,-0.3438910387164828,0.058840584625263925,-0.32777114627664766,0.05345356821059743,-0.16945872048430638,0.013478927759466191,-0.1711093282239551,0.06666666666666667,-0.6237493473898013,0.19357776432672522,group_means_one,350,18,benderssubmitted 149,,11.499209429351732,Inf
44,benderssubmitted,"Benders, T. (submitted). Learning phonemes from multiple auditory cues: Dutch infants' language input and perception.",Benders (submitted),no,Sho Tsuji,1,NA,149,eye-tracking,test_only,stimulus alternation,looking_time,within_one,Dutch,typical,NA,NA,18,NA,350,NA,0.9463512,1,0.3513713,NA,NA,NA,NA,NA,NA,NA,nonnative,NA,NA,71.4,NA,14.5,NA,NA,NA,NA,NA,NA,NA,sɑk-sɑ:k/sak-sa:k,NA,NA,NA,NA,NA,NA,NA,NA,NA,NA,NA,NA,synthetic,sɑk-sɑ:k/sak-sa:k,not_looked_up,NA,0,0,0,0,0,1,1001,1354,1001,1354,150,300,NA,NA,NA,NA,NA,NA,NA,NA,NA,NA,NA,NA,NA,NA,NA,NA,NA,NA,NA,NA,NA,NA,NA,NA,NA,NA,NA,NA,NA,NA,NA,NA,NA,NA,NA,NA,NA,NA,NA,NA,NA,NA,NA,NA,NA,NA,NA,NA,NA,NA,NA,NA,NA,NA,NA,NA,NA,NA,NA,NA,NA,NA,NA,NA,NA,NA,NA,NA,NA,NA,NA,NA,NA,NA,NA,NA,0.62,Vowel discrimination (non-native),inphondb-nonnative,early_language,-0.15268406952986785,0.05620312291911671,-0.1455270037706553,0.051057573335457344,-0.07612053773144757,0.01380794838810698,-0.07626807365987268,0.06666666666666667,-0.27693826824196743,0.1849008631058268,group_means_one,350,18,benderssubmitted 149,,11.499209429351732,Inf
45,benderssubmitted,"Benders, T. (submitted). Learning phonemes from multiple auditory cues: Dutch infants' language input and perception.",Benders (submitted),no,Sho Tsuji,2,NA,150,eye-tracking,test_only,stimulus alternation,looking_time,within_one,Dutch,typical,NA,NA,24,NA,460.6,NA,1.0004484,1,0.4343337,NA,NA,NA,NA,NA,NA,NA,nonnative,NA,NA,39.2,NA,14.5,NA,NA,NA,NA,NA,NA,NA,sɑk -sak/sɑ:k -sa:k,NA,NA,NA,NA,NA,NA,NA,NA,NA,NA,NA,NA,synthetic,sɑk -sak/sɑ:k -sa:k,not_looked_up,NA,1,0,0,0,0,0,1001,1354,1113,1734,150,150,NA,NA,NA,NA,NA,NA,NA,NA,NA,NA,NA,NA,NA,NA,NA,NA,NA,NA,NA,NA,NA,NA,NA,NA,NA,NA,NA,NA,NA,NA,NA,NA,NA,NA,NA,NA,NA,NA,NA,NA,NA,NA,NA,NA,NA,NA,NA,NA,NA,NA,NA,NA,NA,NA,NA,NA,NA,NA,NA,NA,NA,NA,NA,NA,NA,NA,NA,NA,NA,NA,NA,NA,NA,NA,NA,NA,0.46,Vowel discrimination (non-native),inphondb-nonnative,early_language,0.0010323859281469881,0.04166668887126468,9.971909533237954e-4,0.03887420287898855,5.161928953023642e-4,0.010416663891091915,5.161929411498053e-4,0.047619047619047616,0.00187254094011736,0.13707791195421828,group_means_one,460.6000000000001,24,benderssubmitted 150,,15.132959609026882,Inf
46,benderssubmitted,"Benders, T. (submitted). Learning phonemes from multiple auditory cues: Dutch infants' language input and perception.",Benders (submitted),no,Sho Tsuji,2,NA,150,eye-tracking,test_only,stimulus alternation,looking_time,within_one,Dutch,typical,NA,NA,24,NA,460.6,NA,0.9678899,1,0.5548699,NA,NA,NA,NA,NA,NA,NA,nonnative,NA,NA,39.2,NA,14.5,NA,NA,NA,NA,NA,NA,NA,sɑk-sɑ:k/sak-sa:k,NA,NA,NA,NA,NA,NA,NA,NA,NA,NA,NA,NA,synthetic,sɑk-sɑ:k/sak-sa:k,not_looked_up,NA,0,0,0,0,0,1,1001,1354,1001,1354,150,300,NA,NA,NA,NA,NA,NA,NA,NA,NA,NA,NA,NA,NA,NA,NA,NA,NA,NA,NA,NA,NA,NA,NA,NA,NA,NA,NA,NA,NA,NA,NA,NA,NA,NA,NA,NA,NA,NA,NA,NA,NA,NA,NA,NA,NA,NA,NA,NA,NA,NA,NA,NA,NA,NA,NA,NA,NA,NA,NA,NA,NA,NA,NA,NA,NA,NA,NA,NA,NA,NA,NA,NA,NA,NA,NA,NA,0.46,Vowel discrimination (non-native),inphondb-nonnative,early_language,-0.05786960150478523,0.04173643522454839,-0.05589677418075846,0.03893927485761391,-0.028922695916768326,0.010407945609131823,-0.028930764794113738,0.047619047619047616,-0.10496384641786699,0.1373073682593279,group_means_one,460.6000000000001,24,benderssubmitted 150,,15.132959609026882,Inf
47,mazuka2013,"Mazuka, R., Hasegawa, M., & Tsuji, S. (2013). Development of non-native vowel discrimination: Improvement without exposure. Developmental Psychobiology, 56(2), 192-209.","Mazuka, Hasegawa, & Tsuji (2013)",yes,Sho Tsuji,1,NA,155,eye-tracking,habituation,central fixation,looking_time,within_two,Japanese,typical,NA,NA,27,NA,141.1488,NA,NA,NA,2.78,2.9,NA,NA,NA,NA,NA,0.57,nonnative,NA,NA,28.5948,NA,14,NA,NA,NA,NA,NA,0.4,NA,bi:k-be:k,NA,NA,NA,NA,NA,NA,NA,NA,NA,NA,NA,NA,natural,bi:k-be:k,German,0,0,1,0,0,0,0,270,2620,360,2550,655,625,NA,NA,0,NA,NA,NA,NA,NA,NA,NA,NA,NA,NA,NA,NA,NA,NA,NA,NA,NA,NA,NA,NA,NA,NA,NA,NA,NA,NA,NA,NA,NA,NA,NA,NA,NA,NA,NA,NA,NA,NA,NA,NA,NA,NA,NA,NA,NA,NA,NA,NA,NA,NA,NA,NA,NA,NA,NA,NA,NA,NA,NA,NA,NA,NA,NA,NA,NA,NA,NA,NA,NA,NA,NA,NA,NA,0.57,Vowel discrimination (non-native),inphondb-nonnative,early_language,0.14081364854557038,0.03221904599290214,0.13658923908920326,0.03031490037472162,0.07023296282538763,0.007936154059473377,0.07034878445940075,0.041666666666666664,0.2554077062074562,0.10599641271014913,subj_diff_two,141.1488,27,mazuka2013 155,,4.637427462576233,2013
48,mazuka2013,"Mazuka, R., Hasegawa, M., & Tsuji, S. (2013). Development of non-native vowel discrimination: Improvement without exposure. Developmental Psychobiology, 56(2), 192-209.","Mazuka, Hasegawa, & Tsuji (2013)",yes,Sho Tsuji,1,NA,155,eye-tracking,habituation,central fixation,looking_time,within_two,Japanese,typical,NA,NA,27,NA,141.1488,NA,NA,NA,2.92,3.09,NA,NA,NA,NA,NA,0.46,nonnative,NA,NA,28.5948,NA,14,NA,NA,NA,NA,NA,0.22,NA,be:k-bi:k,NA,NA,NA,NA,NA,NA,NA,NA,NA,NA,NA,NA,natural,be:k-bi:k,German,0,0,1,0,0,0,0,360,2550,270,2620,655,625,NA,NA,1,NA,NA,NA,NA,NA,NA,NA,NA,NA,NA,NA,NA,NA,NA,NA,NA,NA,NA,NA,NA,NA,NA,NA,NA,NA,NA,NA,NA,NA,NA,NA,NA,NA,NA,NA,NA,NA,NA,NA,NA,NA,NA,NA,NA,NA,NA,NA,NA,NA,NA,NA,NA,NA,NA,NA,NA,NA,NA,NA,NA,NA,NA,NA,NA,NA,NA,NA,NA,NA,NA,NA,NA,NA,0.46,Vowel discrimination (non-native),inphondb-nonnative,early_language,0.07318204354115986,0.0400991779906826,0.07098658223492506,0.037729316571433254,0.036566550429292306,0.009984635405382102,0.03658286138227325,0.041666666666666664,0.1327375440483166,0.13192100785896885,subj_diff_two,141.1488,27,mazuka2013 155,,4.637427462576233,2013
49,mazuka2013,"Mazuka, R., Hasegawa, M., & Tsuji, S. (2013). Development of non-native vowel discrimination: Improvement without exposure. Developmental Psychobiology, 56(2), 192-209.","Mazuka, Hasegawa, & Tsuji (2013)",yes,Sho Tsuji,1,NA,156,eye-tracking,habituation,central fixation,looking_time,within_two,Japanese,typical,NA,NA,28,NA,309.9798,NA,NA,NA,3.18,3.28,NA,NA,NA,NA,NA,0.49,nonnative,NA,NA,28.2906,NA,16,NA,NA,NA,NA,NA,2.1,NA,bi:k-be:k,NA,NA,NA,NA,NA,NA,NA,NA,NA,NA,NA,NA,natural,bi:k-be:k,German,0,0,1,0,0,0,0,270,2620,360,2550,655,625,NA,NA,0,NA,NA,NA,NA,NA,NA,NA,NA,NA,NA,NA,NA,NA,NA,NA,NA,NA,NA,NA,NA,NA,NA,NA,NA,NA,NA,NA,NA,NA,NA,NA,NA,NA,NA,NA,NA,NA,NA,NA,NA,NA,NA,NA,NA,NA,NA,NA,NA,NA,NA,NA,NA,NA,NA,NA,NA,NA,NA,NA,NA,NA,NA,NA,NA,NA,NA,NA,NA,NA,NA,NA,NA,NA,0.49,Vowel discrimination (non-native),inphondb-nonnative,early_language,0.6500769155776057,0.04397499993155167,0.6313246968590209,0.04147457232819514,0.30911915231236625,0.008133787958318936,0.3195712064611925,0.04,1.1791090961780024,0.14467195095411553,subj_diff_two,309.9798,28,mazuka2013 156,,10.184350397338754,2013
50,mazuka2013,"Mazuka, R., Hasegawa, M., & Tsuji, S. (2013). Development of non-native vowel discrimination: Improvement without exposure. Developmental Psychobiology, 56(2), 192-209.","Mazuka, Hasegawa, & Tsuji (2013)",yes,Sho Tsuji,1,NA,156,eye-tracking,habituation,central fixation,looking_time,within_two,Japanese,typical,NA,NA,28,NA,309.9798,NA,NA,NA,2.89,2.76,NA,NA,NA,NA,NA,0.12,nonnative,NA,NA,28.2906,NA,16,NA,NA,NA,NA,NA,1.16,NA,be:k-bi:k,NA,NA,NA,NA,NA,NA,NA,NA,NA,NA,NA,NA,natural,be:k-bi:k,German,0,0,1,0,0,0,0,360,2550,270,2620,655,625,NA,NA,1,NA,NA,NA,NA,NA,NA,NA,NA,NA,NA,NA,NA,NA,NA,NA,NA,NA,NA,NA,NA,NA,NA,NA,NA,NA,NA,NA,NA,NA,NA,NA,NA,NA,NA,NA,NA,NA,NA,NA,NA,NA,NA,NA,NA,NA,NA,NA,NA,NA,NA,NA,NA,NA,NA,NA,NA,NA,NA,NA,NA,NA,NA,NA,NA,NA,NA,NA,NA,NA,NA,NA,NA,NA,0.12,Vowel discrimination (non-native),inphondb-nonnative,early_language,0.41051081972138553,0.06586641309122007,0.3986691614601917,0.062121235201880176,0.2010637177537648,0.014549182736032378,0.20384083943934597,0.04,0.7445842638219167,0.21669181350969177,subj_diff_two,309.9798,28,mazuka2013 156,,10.184350397338754,2013
51,mazuka2013,"Mazuka, R., Hasegawa, M., & Tsuji, S. (2013). Development of non-native vowel discrimination: Improvement without exposure. Developmental Psychobiology, 56(2), 192-209.","Mazuka, Hasegawa, & Tsuji (2013)",yes,Sho Tsuji,2,NA,157,eye-tracking,habituation,central fixation,looking_time,within_two,Japanese,typical,NA,NA,28,NA,143.2782,NA,NA,NA,1.4,1.92,NA,NA,NA,NA,NA,0.34,nonnative,NA,NA,28.5948,NA,22,NA,NA,NA,NA,NA,0.18,NA,bu:k-bo:k,NA,NA,NA,NA,NA,NA,NA,NA,NA,NA,NA,NA,natural,bu:k-bo:k,German,0,0,1,0,0,0,0,390,720,470,750,660,630,NA,NA,0,NA,NA,NA,NA,NA,NA,NA,NA,NA,NA,NA,NA,NA,NA,NA,NA,NA,NA,NA,NA,NA,NA,NA,NA,NA,NA,NA,NA,NA,NA,NA,NA,NA,NA,NA,NA,NA,NA,NA,NA,NA,NA,NA,NA,NA,NA,NA,NA,NA,NA,NA,NA,NA,NA,NA,NA,NA,NA,NA,NA,NA,NA,NA,NA,NA,NA,NA,NA,NA,NA,NA,NA,NA,0.34,Vowel discrimination (non-native),inphondb-nonnative,early_language,0.10712767572483649,0.04734779176618224,0.10403745430969698,0.04465558652060143,0.05348716321801243,0.011735646163791597,0.05353825767676529,0.04,0.19430811012159788,0.15576799133245825,subj_diff_two,143.2782,28,mazuka2013 157,,4.7073886527444095,2013
52,mazuka2013,"Mazuka, R., Hasegawa, M., & Tsuji, S. (2013). Development of non-native vowel discrimination: Improvement without exposure. Developmental Psychobiology, 56(2), 192-209.","Mazuka, Hasegawa, & Tsuji (2013)",yes,Sho Tsuji,2,NA,157,eye-tracking,habituation,central fixation,looking_time,within_two,Japanese,typical,NA,NA,28,NA,143.2782,NA,NA,NA,2.28,2.68,NA,NA,NA,NA,NA,0.59,nonnative,NA,NA,28.5948,NA,22,NA,NA,NA,NA,NA,1.33,NA,bo:k-bu:k,NA,NA,NA,NA,NA,NA,NA,NA,NA,NA,NA,NA,natural,bo:k-bu:k,German,0,0,1,0,0,0,0,470,750,390,720,660,630,NA,NA,1,NA,NA,NA,NA,NA,NA,NA,NA,NA,NA,NA,NA,NA,NA,NA,NA,NA,NA,NA,NA,NA,NA,NA,NA,NA,NA,NA,NA,NA,NA,NA,NA,NA,NA,NA,NA,NA,NA,NA,NA,NA,NA,NA,NA,NA,NA,NA,NA,NA,NA,NA,NA,NA,NA,NA,NA,NA,NA,NA,NA,NA,NA,NA,NA,NA,NA,NA,NA,NA,NA,NA,NA,NA,0.59,Vowel discrimination (non-native),inphondb-nonnative,early_language,0.5345548629700622,0.03438837324151682,0.519135011153618,0.03243304321715173,0.258213487564261,0.006989585905706079,0.2641933220647259,0.04,0.9695752706034082,0.11313321329692598,subj_diff_two,143.2782,28,mazuka2013 157,,4.7073886527444095,2013
53,mazuka2013,"Mazuka, R., Hasegawa, M., & Tsuji, S. (2013). Development of non-native vowel discrimination: Improvement without exposure. Developmental Psychobiology, 56(2), 192-209.","Mazuka, Hasegawa, & Tsuji (2013)",yes,Sho Tsuji,2,NA,158,eye-tracking,habituation,central fixation,looking_time,within_two,Japanese,typical,NA,NA,28,NA,312.4134,NA,NA,NA,3.13,2.85,NA,NA,NA,NA,NA,0.22,nonnative,NA,NA,30.42,NA,20,NA,NA,NA,NA,NA,-0.14,NA,bu:k-bo:k,NA,NA,NA,NA,NA,NA,NA,NA,NA,NA,NA,NA,natural,bu:k-bo:k,German,0,0,1,0,0,0,0,390,720,470,750,660,630,NA,NA,0,NA,NA,NA,NA,NA,NA,NA,NA,NA,NA,NA,NA,NA,NA,NA,NA,NA,NA,NA,NA,NA,NA,NA,NA,NA,NA,NA,NA,NA,NA,NA,NA,NA,NA,NA,NA,NA,NA,NA,NA,NA,NA,NA,NA,NA,NA,NA,NA,NA,NA,NA,NA,NA,NA,NA,NA,NA,NA,NA,NA,NA,NA,NA,NA,NA,NA,NA,NA,NA,NA,NA,NA,NA,0.22,Vowel discrimination (non-native),inphondb-nonnative,early_language,-0.04677150034625668,0.055753349522225715,-0.04542232245165312,0.05258320252184029,-0.023379358039697075,0.013915494020425407,-0.02338361911248724,0.04,-0.08483411759232086,0.18342116794001073,subj_diff_two,312.4134,28,mazuka2013 158,,10.264306043245242,2013
54,mazuka2013,"Mazuka, R., Hasegawa, M., & Tsuji, S. (2013). Development of non-native vowel discrimination: Improvement without exposure. Developmental Psychobiology, 56(2), 192-209.","Mazuka, Hasegawa, & Tsuji (2013)",yes,Sho Tsuji,2,NA,158,eye-tracking,habituation,central fixation,looking_time,within_two,Japanese,typical,NA,NA,28,NA,312.4134,NA,NA,NA,3.1,3.94,NA,NA,NA,NA,NA,0.6,nonnative,NA,NA,30.42,NA,20,NA,NA,NA,NA,NA,1,NA,bo:k-bu:k,NA,NA,NA,NA,NA,NA,NA,NA,NA,NA,NA,NA,natural,bo:k-bu:k,German,0,0,1,0,0,0,0,470,750,390,720,660,630,NA,NA,1,NA,NA,NA,NA,NA,NA,NA,NA,NA,NA,NA,NA,NA,NA,NA,NA,NA,NA,NA,NA,NA,NA,NA,NA,NA,NA,NA,NA,NA,NA,NA,NA,NA,NA,NA,NA,NA,NA,NA,NA,NA,NA,NA,NA,NA,NA,NA,NA,NA,NA,NA,NA,NA,NA,NA,NA,NA,NA,NA,NA,NA,NA,NA,NA,NA,NA,NA,NA,NA,NA,NA,NA,NA,0.6,Vowel discrimination (non-native),inphondb-nonnative,early_language,0.2820899723891646,0.029992406295044995,0.2739527616471695,0.028287031861663647,0.13966262505016466,0.007067838334929958,0.14058147293881046,0.04,0.5116546125763148,0.09867106172294542,subj_diff_two,312.4134,28,mazuka2013 158,,10.264306043245242,2013
55,mazuka2013,"Mazuka, R., Hasegawa, M., & Tsuji, S. (2013). Development of non-native vowel discrimination: Improvement without exposure. Developmental Psychobiology, 56(2), 192-209.","Mazuka, Hasegawa, & Tsuji (2013)",yes,Sho Tsuji,3,NA,159,eye-tracking,habituation,central fixation,looking_time,within_two,Japanese,typical,NA,NA,28,NA,139.3236,NA,NA,NA,2.14,2.6,NA,NA,NA,NA,NA,0.35,nonnative,NA,NA,30.42,NA,18,NA,NA,NA,NA,NA,1.43,NA,bu:k-by:k,NA,NA,NA,NA,NA,NA,NA,NA,NA,NA,NA,NA,natural,bu:k-by:k,German,0,2,0,0,0,0,0,390,720,350,1870,660,656,NA,NA,0,NA,NA,NA,NA,NA,NA,NA,NA,NA,NA,NA,NA,NA,NA,NA,NA,NA,NA,NA,NA,NA,NA,NA,NA,NA,NA,NA,NA,NA,NA,NA,NA,NA,NA,NA,NA,NA,NA,NA,NA,NA,NA,NA,NA,NA,NA,NA,NA,NA,NA,NA,NA,NA,NA,NA,NA,NA,NA,NA,NA,NA,NA,NA,NA,NA,NA,NA,NA,NA,NA,NA,NA,NA,0.35,Vowel discrimination (non-native),inphondb-nonnative,early_language,0.6005541434363438,0.05286902284283144,0.5832304662218339,0.04986287925478213,0.28759133163257417,0.010201475961973443,0.29593842401667525,0.04,1.0892847235530658,0.173932113510301,subj_diff_two,139.3236,28,mazuka2013 159,,4.577460728146368,2013
56,mazuka2013,"Mazuka, R., Hasegawa, M., & Tsuji, S. (2013). Development of non-native vowel discrimination: Improvement without exposure. Developmental Psychobiology, 56(2), 192-209.","Mazuka, Hasegawa, & Tsuji (2013)",yes,Sho Tsuji,3,NA,159,eye-tracking,habituation,central fixation,looking_time,within_two,Japanese,typical,NA,NA,28,NA,139.3236,NA,NA,NA,1.93,2.98,NA,NA,NA,NA,NA,0.55,nonnative,NA,NA,30.42,NA,18,NA,NA,NA,NA,NA,0.74,NA,by:k-bu:k,NA,NA,NA,NA,NA,NA,NA,NA,NA,NA,NA,NA,natural,by:k-bu:k,German,0,2,0,0,0,0,0,350,1870,390,720,660,656,NA,NA,1,NA,NA,NA,NA,NA,NA,NA,NA,NA,NA,NA,NA,NA,NA,NA,NA,NA,NA,NA,NA,NA,NA,NA,NA,NA,NA,NA,NA,NA,NA,NA,NA,NA,NA,NA,NA,NA,NA,NA,NA,NA,NA,NA,NA,NA,NA,NA,NA,NA,NA,NA,NA,NA,NA,NA,NA,NA,NA,NA,NA,NA,NA,NA,NA,NA,NA,NA,NA,NA,NA,NA,NA,NA,0.55,Vowel discrimination (non-native),inphondb-nonnative,early_language,0.29476107008726565,0.03369435872212482,0.28625834691167146,0.031778490507063176,0.14580551938016076,0.00789769242884218,0.14685214104565816,0.04,0.5346374415252801,0.11084999704525557,subj_diff_two,139.3236,28,mazuka2013 159,,4.577460728146368,2013
57,mazuka2013,"Mazuka, R., Hasegawa, M., & Tsuji, S. (2013). Development of non-native vowel discrimination: Improvement without exposure. Developmental Psychobiology, 56(2), 192-209.","Mazuka, Hasegawa, & Tsuji (2013)",yes,Sho Tsuji,3,NA,160,eye-tracking,habituation,central fixation,looking_time,within_two,Japanese,typical,NA,NA,30,NA,304.2,NA,NA,NA,2.88,3.75,NA,NA,NA,NA,NA,0.62,nonnative,NA,NA,27.378,NA,13,NA,NA,NA,NA,NA,0.76,NA,bu:k-by:k,NA,NA,NA,NA,NA,NA,NA,NA,NA,NA,NA,NA,natural,bu:k-by:k,German,0,2,0,0,0,0,0,390,720,350,1870,660,656,NA,NA,0,NA,NA,NA,NA,NA,NA,NA,NA,NA,NA,NA,NA,NA,NA,NA,NA,NA,NA,NA,NA,NA,NA,NA,NA,NA,NA,NA,NA,NA,NA,NA,NA,NA,NA,NA,NA,NA,NA,NA,NA,NA,NA,NA,NA,NA,NA,NA,NA,NA,NA,NA,NA,NA,NA,NA,NA,NA,NA,NA,NA,NA,NA,NA,NA,NA,NA,NA,NA,NA,NA,NA,NA,NA,0.62,Vowel discrimination (non-native),inphondb-nonnative,early_language,0.22731222760934355,0.026194514147012033,0.22122350722695042,0.02481003049909518,0.11292906167407053,0.0063012666797494996,0.11341282921298257,0.037037037037037035,0.4122987739204912,0.0861764973699158,subj_diff_two,304.2,30,mazuka2013 160,,9.994455738310847,2013
58,mazuka2013,"Mazuka, R., Hasegawa, M., & Tsuji, S. (2013). Development of non-native vowel discrimination: Improvement without exposure. Developmental Psychobiology, 56(2), 192-209.","Mazuka, Hasegawa, & Tsuji (2013)",yes,Sho Tsuji,3,NA,160,eye-tracking,habituation,central fixation,looking_time,within_two,Japanese,typical,NA,NA,30,NA,304.2,NA,NA,NA,3.92,3.37,NA,NA,NA,NA,NA,0.43,nonnative,NA,NA,27.378,NA,13,NA,NA,NA,NA,NA,0.55,NA,by:k-bu:k,NA,NA,NA,NA,NA,NA,NA,NA,NA,NA,NA,NA,natural,by:k-bu:k,German,0,2,0,0,0,0,0,350,1870,390,720,660,656,NA,NA,1,NA,NA,NA,NA,NA,NA,NA,NA,NA,NA,NA,NA,NA,NA,NA,NA,NA,NA,NA,NA,NA,NA,NA,NA,NA,NA,NA,NA,NA,NA,NA,NA,NA,NA,NA,NA,NA,NA,NA,NA,NA,NA,NA,NA,NA,NA,NA,NA,NA,NA,NA,NA,NA,NA,NA,NA,NA,NA,NA,NA,NA,NA,NA,NA,NA,NA,NA,NA,NA,NA,NA,NA,NA,0.43,Vowel discrimination (non-native),inphondb-nonnative,early_language,0.1504640140790059,0.03837732365887946,0.14643372798760396,0.03634893035643709,0.07502000541884522,0.009433250170279088,0.07516122014091943,0.037037037037037035,0.2729115330766293,0.1262563341619025,subj_diff_two,304.2,30,mazuka2013 160,,9.994455738310847,2013
59,minagawa-kawai2007a,"Minagawa-Kawai, Y., Mori, K., Naoi, N., & Koijima, S. (2007). Neural Attunement Processes in Infants during the Acquisition of a Language-Specific Phonemic Contrast. The Journal of Neuroscience, 27(2), 315–321.",Minagawa-Kawai et al. (2007),yes,Sho Tsuji,1,NA,161,NIRS,test_only,stimulus alternation,laterality_index,within_one,Japanese,typical,NA,NA,15,NA,106.47,NA,-0.00133868113,0,0.2874147764,NA,5.275,NA,NA,NA,NA,NA,nonnative,NA,NA,30.42,NA,8,NA,NA,NA,NA,NA,NA,NA,mama -mama:,NA,NA,NA,NA,NA,NA,NA,NA,NA,NA,NA,NA,synthetic,mama -mama:,Japanese,NA,0,0,0,0,0,1,NA,NA,NA,NA,NA,NA,151,184,NA,NA,NA,NA,NA,NA,NA,NA,NA,NA,NA,NA,NA,NA,NA,NA,NA,NA,NA,NA,NA,NA,NA,NA,NA,NA,NA,NA,NA,NA,NA,NA,NA,NA,NA,NA,NA,NA,NA,NA,NA,NA,NA,NA,NA,NA,NA,NA,NA,NA,NA,NA,NA,NA,NA,NA,NA,NA,NA,NA,NA,NA,NA,NA,NA,NA,NA,NA,NA,NA,NA,NA,NA,NA,0.556,Vowel discrimination (non-native),inphondb-nonnative,early_language,-0.004657662861901487,0.06666738979411117,-0.0043889515429456315,0.05919689456200478,-0.0023288251158192254,0.01666657627573611,-0.002328829325903546,0.08333333333333333,-0.008448065937734244,0.21932692124036646,group_means_one,106.47,15,minagawa-kawai2007a 161,,3.498059508408797,2007
60,minagawa-kawai2007a,"Minagawa-Kawai, Y., Mori, K., Naoi, N., & Koijima, S. (2007). Neural Attunement Processes in Infants during the Acquisition of a Language-Specific Phonemic Contrast. The Journal of Neuroscience, 27(2), 315–321.",Minagawa-Kawai et al. (2007),yes,Sho Tsuji,1,NA,162,NIRS,test_only,stimulus alternation,laterality_index,within_one,Japanese,typical,NA,NA,14,NA,197.73,NA,0.0689621944,0,0.3424354636,NA,5.46,NA,NA,NA,NA,NA,nonnative,NA,NA,30.42,NA,10,NA,NA,NA,NA,NA,NA,NA,mama -mama:,NA,NA,NA,NA,NA,NA,NA,NA,NA,NA,NA,NA,synthetic,mama -mama:,Japanese,NA,0,0,0,0,0,1,NA,NA,NA,NA,NA,NA,151,184,NA,NA,NA,NA,NA,NA,NA,NA,NA,NA,NA,NA,NA,NA,NA,NA,NA,NA,NA,NA,NA,NA,NA,NA,NA,NA,NA,NA,NA,NA,NA,NA,NA,NA,NA,NA,NA,NA,NA,NA,NA,NA,NA,NA,NA,NA,NA,NA,NA,NA,NA,NA,NA,NA,NA,NA,NA,NA,NA,NA,NA,NA,NA,NA,NA,NA,NA,NA,NA,NA,NA,NA,NA,NA,0.12,Vowel discrimination (non-native),inphondb-nonnative,early_language,0.20138741961771509,0.07287703188501006,0.18880070589160788,0.06405207880518463,0.10018708118650906,0.01767612160024109,0.10052432219985627,0.09090909090909091,0.3652763736673813,0.23975582487687494,group_means_one,197.73,14,minagawa-kawai2007a 162,,6.496396229902051,2007
61,minagawa-kawai2007a,"Minagawa-Kawai, Y., Mori, K., Naoi, N., & Koijima, S. (2007). Neural Attunement Processes in Infants during the Acquisition of a Language-Specific Phonemic Contrast. The Journal of Neuroscience, 27(2), 315–321.",Minagawa-Kawai et al. (2007),yes,Sho Tsuji,1,NA,163,NIRS,test_only,stimulus alternation,laterality_index,within_one,Japanese,typical,NA,NA,11,NA,319.41,NA,0.04939080194,0,0.2133121597,NA,2.2,NA,NA,NA,NA,NA,nonnative,NA,NA,30.42,NA,17,NA,NA,NA,NA,NA,NA,NA,mama -mama:,NA,NA,NA,NA,NA,NA,NA,NA,NA,NA,NA,NA,synthetic,mama -mama:,Japanese,NA,0,0,0,0,0,1,NA,NA,NA,NA,NA,NA,151,184,NA,NA,NA,NA,NA,NA,NA,NA,NA,NA,NA,NA,NA,NA,NA,NA,NA,NA,NA,NA,NA,NA,NA,NA,NA,NA,NA,NA,NA,NA,NA,NA,NA,NA,NA,NA,NA,NA,NA,NA,NA,NA,NA,NA,NA,NA,NA,NA,NA,NA,NA,NA,NA,NA,NA,NA,NA,NA,NA,NA,NA,NA,NA,NA,NA,NA,NA,NA,NA,NA,NA,NA,NA,NA,0.43,Vowel discrimination (non-native),inphondb-nonnative,early_language,0.2315423649990826,0.0933459939449713,0.2122471679158257,0.07843656435653837,0.11500305665480692,0.02242276570838232,0.11551411706509082,0.125,0.4199713944286232,0.3070960108877831,group_means_one,319.41,11,minagawa-kawai2007a 163,,10.494178525226392,2007
62,minagawa-kawai2007a,"Minagawa-Kawai, Y., Mori, K., Naoi, N., & Koijima, S. (2007). Neural Attunement Processes in Infants during the Acquisition of a Language-Specific Phonemic Contrast. The Journal of Neuroscience, 27(2), 315–321.",Minagawa-Kawai et al. (2007),yes,Sho Tsuji,1,NA,164,NIRS,test_only,stimulus alternation,laterality_index,within_one,Japanese,typical,NA,NA,9,NA,410.67,NA,2.920097298e-4,0,0.1532134999,NA,4.01,NA,NA,NA,NA,NA,nonnative,NA,NA,60.84,NA,19,NA,NA,NA,NA,NA,NA,NA,mama -mama:,NA,NA,NA,NA,NA,NA,NA,NA,NA,NA,NA,NA,synthetic,mama -mama:,Japanese,NA,0,0,0,0,0,1,NA,NA,NA,NA,NA,NA,151,184,NA,NA,NA,NA,NA,NA,NA,NA,NA,NA,NA,NA,NA,NA,NA,NA,NA,NA,NA,NA,NA,NA,NA,NA,NA,NA,NA,NA,NA,NA,NA,NA,NA,NA,NA,NA,NA,NA,NA,NA,NA,NA,NA,NA,NA,NA,NA,NA,NA,NA,NA,NA,NA,NA,NA,NA,NA,NA,NA,NA,NA,NA,NA,NA,NA,NA,NA,NA,NA,NA,NA,NA,NA,NA,0.49,Vowel discrimination (non-native),inphondb-nonnative,early_language,0.0019059007854437765,0.11111131291432244,0.0017016971298605148,0.08857725838195347,9.529499600281717e-4,0.027777752552376363,9.529502484905896e-4,0.16666666666666666,0.003456921632931418,0.3655415676500045,group_means_one,410.67,9,minagawa-kawai2007a 164,,13.492515246719645,2007
63,minagawa-kawai2007b,"Minagawa-Kawai, Y., Naoi, N., Nishijima, N., Kojima, S., & Dupoux, E. (2007). Developmental Changes in Cerebral Responses to Native and Non-Native Vowels: A NIRS Study]. Proceedings of the International Conference of Phonetic Sciences XVI.",Minagawa-Kawai et al. (2007b),NA,Sho Tsuji,1,NA,170,NIRS,test_only,stimulus alternation,laterality_index,within_one,Japanese,typical,NA,NA,12,NA,119,NA,0.02676741416,0,0.2691283225,NA,NA,NA,NA,NA,NA,NA,nonnative,NA,NA,NA,NA,20,NA,NA,NA,NA,NA,NA,NA,M-u_,NA,NA,NA,NA,NA,NA,NA,NA,NA,NA,NA,NA,synthetic,ɯ-u_,Japanese,NA,1,0,0,1,0,0,NA,NA,NA,NA,NA,NA,NA,NA,NA,NA,NA,NA,NA,NA,NA,NA,NA,NA,NA,NA,NA,NA,NA,NA,NA,NA,NA,NA,NA,NA,NA,NA,NA,NA,NA,NA,NA,NA,NA,NA,NA,NA,NA,NA,NA,NA,NA,NA,NA,NA,NA,NA,NA,NA,NA,NA,NA,NA,NA,NA,NA,NA,NA,NA,NA,NA,NA,NA,NA,NA,NA,NA,NA,NA,NA,NA,NA,NA,NA,NA,NA,NA,0.49,Vowel discrimination (non-native),inphondb-nonnative,early_language,0.09945967006129575,0.08374550941536257,0.09200019480669858,0.0716547514935196,0.04966845650594544,0.02078181194941863,0.04970936035966888,0.1111111111111111,0.1803998863241233,0.2755116827657776,group_means_one,119,12,minagawa-kawai2007b 170,,3.909731205979589,2007
64,minagawa-kawai2007b,"Minagawa-Kawai, Y., Naoi, N., Nishijima, N., Kojima, S., & Dupoux, E. (2007). Developmental Changes in Cerebral Responses to Native and Non-Native Vowels: A NIRS Study]. Proceedings of the International Conference of Phonetic Sciences XVI.",Minagawa-Kawai et al. (2007b),NA,Sho Tsuji,1,NA,170,NIRS,test_only,stimulus alternation,laterality_index,within_one,Japanese,typical,NA,NA,12,NA,229,NA,0.003549506355,0,0.1189987249,NA,NA,NA,NA,NA,NA,NA,nonnative,NA,NA,NA,NA,20,NA,NA,NA,NA,NA,NA,NA,M-u_,NA,NA,NA,NA,NA,NA,NA,NA,NA,NA,NA,NA,synthetic,ɯ-u_,Japanese,NA,1,0,0,1,0,0,NA,NA,NA,NA,NA,NA,NA,NA,NA,NA,NA,NA,NA,NA,NA,NA,NA,NA,NA,NA,NA,NA,NA,NA,NA,NA,NA,NA,NA,NA,NA,NA,NA,NA,NA,NA,NA,NA,NA,NA,NA,NA,NA,NA,NA,NA,NA,NA,NA,NA,NA,NA,NA,NA,NA,NA,NA,NA,NA,NA,NA,NA,NA,NA,NA,NA,NA,NA,NA,NA,NA,NA,NA,NA,NA,NA,NA,NA,NA,NA,NA,NA,0.49,Vowel discrimination (non-native),inphondb-nonnative,early_language,0.029828104107693675,0.08337040482477748,0.02759099629961665,0.07133380262820023,0.014912393672036468,0.020828699397361095,0.014913499223026459,0.1111111111111111,0.054102196266846855,0.27427763812640843,group_means_one,229,12,minagawa-kawai2007b 170,,7.523768455204419,2007
65,jansson-verkalo2010,"Jansson-Verkalo, E., Ruusuvirta, T., Huotilainen, M., Alku, P., Kushnerenko, E., Suominen, K., Rytky, S., Luotonen, M., Kaukola, T., Tolonen, U., Hallman, M., (2010). Atypical perceptual narrowing in prematurely born infants is associated with compromised language acquisition at 2 years of age. BMC Neuroscience, 11-88.",Jansson-Verkalo et al. (2010),yes,Sho Tsuji,1,NA,173,EEG,test_only,oddball,peak_amplitude,within_one,Finnish,typical,NA,NA,13,NA,182.52,NA,0.541,0,1.24,NA,NA,NA,NA,NA,NA,NA,nonnative,NA,NA,84,NA,NA,NA,NA,NA,NA,NA,NA,NA,e-7_,NA,NA,NA,NA,NA,NA,NA,NA,NA,NA,NA,NA,synthetic,e-õ _,X-Sampal,1,1,0,0,1,0,0,NA,NA,NA,NA,NA,NA,NA,NA,NA,NA,NA,NA,NA,NA,NA,NA,NA,NA,NA,NA,NA,NA,NA,NA,NA,NA,NA,NA,NA,NA,NA,NA,NA,NA,NA,NA,NA,NA,NA,NA,NA,NA,NA,NA,NA,NA,NA,NA,NA,NA,NA,NA,NA,NA,NA,NA,NA,NA,NA,NA,NA,NA,NA,NA,NA,NA,NA,NA,NA,NA,NA,NA,NA,NA,NA,NA,NA,NA,NA,NA,NA,NA,0.12,Vowel discrimination (non-native),inphondb-nonnative,early_language,0.4362903225806452,0.08424420175298168,0.4065432551319649,0.07314798716258379,0.21313288787627527,0.018319319608826077,0.21645103778687863,0.1,0.7913431097183161,0.2771523147958293,group_means_one,182.52,13,jansson-verkalo2010 173,,5.996673442986509,2010
66,jansson-verkalo2010,"Jansson-Verkalo, E., Ruusuvirta, T., Huotilainen, M., Alku, P., Kushnerenko, E., Suominen, K., Rytky, S., Luotonen, M., Kaukola, T., Tolonen, U., Hallman, M., (2010). Atypical perceptual narrowing in prematurely born infants is associated with compromised language acquisition at 2 years of age. BMC Neuroscience, 11-88.",Jansson-Verkalo et al. (2010),yes,Sho Tsuji,1,NA,173,EEG,test_only,oddball,peak_amplitude,within_one,Finnish,typical,NA,NA,13,NA,365.04,NA,-0.323,0,1.19,NA,NA,NA,NA,NA,NA,NA,nonnative,NA,NA,168,NA,NA,NA,NA,NA,NA,NA,NA,NA,e-7_,NA,NA,NA,NA,NA,NA,NA,NA,NA,NA,NA,NA,synthetic,e-õ_,X-Sampal,1,1,0,0,1,0,0,NA,NA,NA,NA,NA,NA,NA,NA,NA,NA,NA,NA,NA,NA,NA,NA,NA,NA,NA,NA,NA,NA,NA,NA,NA,NA,NA,NA,NA,NA,NA,NA,NA,NA,NA,NA,NA,NA,NA,NA,NA,NA,NA,NA,NA,NA,NA,NA,NA,NA,NA,NA,NA,NA,NA,NA,NA,NA,NA,NA,NA,NA,NA,NA,NA,NA,NA,NA,NA,NA,NA,NA,NA,NA,NA,NA,NA,NA,NA,NA,NA,NA,0.46,Vowel discrimination (non-native),inphondb-nonnative,early_language,-0.27142857142857146,0.07975667189952905,-0.252922077922078,0.06925153174747332,-0.13448147184361492,0.018876799464361122,-0.13530109533915544,0.1,-0.49231697029214494,0.26238893333194396,group_means_one,365.04,13,jansson-verkalo2010 173,,11.993346885973018,2010
73,tsuji2017,"Tsuji, S., Fikkert, P., Minagawa, Y., Dupoux, E., Filippin, L., Versteegh, M., Hagoort, P., & Cristia, A. (2017). The more, the better? Behavioral and neural correlates of frequent and infrequent vowel exposure. Developmental Psychobiology.",Tsuji et al. (2017),yes,Sho Tsuji,1,beha_nonnative,194,eye-tracking,habituation,hybrid visual habituation procedure,looking_time,within_two,Dutch,typical,NA,NA,21,NA,196,NA,2.23,2.31,0.61,0.9,NA,NA,NA,NA,NA,0.556,nonnative,NA,NA,91,NA,9,NA,0.55,NA,NA,NA,NA,NA,hEt-h{t,NA,NA,NA,NA,NA,NA,NA,NA,NA,NA,NA,NA,natural,hɛt-hæt,"Dutch
",0,0,1,0,0,0,1,818,1865,928,1879,420,428,NA,NA,NA,NA,NA,NA,NA,NA,NA,NA,NA,NA,NA,NA,NA,NA,NA,NA,NA,NA,NA,NA,NA,NA,NA,NA,NA,NA,NA,NA,NA,NA,NA,NA,NA,NA,NA,NA,NA,NA,NA,NA,NA,NA,NA,NA,NA,NA,NA,NA,NA,NA,NA,NA,NA,NA,NA,NA,NA,NA,NA,NA,NA,NA,NA,NA,NA,NA,NA,NA,NA,NA,NA,NA,NA,NA,0.556,Vowel discrimination (non-native),inphondb-nonnative,early_language,-0.10405857544964166,0.042543528264871636,-0.09995100010294528,0.039251118788694764,-0.051959007523589375,0.010549972118911366,-0.052005841988547054,0.05555555555555555,-0.18874137799367846,0.13996259793361554,group_means_two,196,21,tsuji2017 194,,6.439557280436969,2017
74,mulak2017,"Mulak KE, Bonn CD, Chládková K, Aslin RN, Escudero P (2017) Indexical and linguistic processing by 12-month-olds: Discrimination of speaker, accent and vowel differences. PLOS ONE 12(5): e0176762. https://doi.org/10.1371/journal.pone.0176762",Mulak et al (2017),yes,CI,1,non-native,AusE_speaker_change,eye-tracking,familiarization,central fixation,looking_time,within_two,Australian English,typical,NA,NA,16,NA,371.368,NA,5360.895,4609.215,3248.95,3229.17,NA,NA,NA,NA,NA,NA,nonnative,NA,NA,NA,NA,11.5,NA,8,NA,NA,NA,NA,NA,E-I,NA,NA,NA,NA,NA,NA,NA,NA,NA,NA,NA,NA,natural,ɛ-I,NHDutch,0,NA,NA,NA,NA,NA,NA,459.5,364.5,1975.5,2459.5,NA,NA,57,58,NA,NA,NA,NA,NA,NA,NA,NA,NA,NA,NA,NA,NA,NA,NA,NA,NA,NA,NA,NA,NA,NA,NA,NA,NA,NA,NA,NA,NA,NA,NA,NA,NA,NA,NA,NA,NA,NA,NA,NA,NA,NA,NA,NA,NA,NA,NA,NA,NA,NA,NA,NA,NA,NA,NA,NA,NA,NA,NA,NA,NA,NA,NA,NA,NA,NA,NA,NA,NA,NA,NA,NA,NA,NA,0.62,Vowel discrimination (non-native),inphondb-nonnative,early_language,0.23206624640387932,0.049182960709999564,0.21963412606081434,0.04405450785535356,0.11525980651912413,0.011812181250572453,0.11577431593103156,0.07692307692307693,0.4209216101875777,0.1618054551606722,group_means_two,371.368,16,mulak2017 AusE_speaker_change,,12.201252592455697,2017
75,mulak2017,"Mulak KE, Bonn CD, Chládková K, Aslin RN, Escudero P (2017) Indexical and linguistic processing by 12-month-olds: Discrimination of speaker, accent and vowel differences. PLOS ONE 12(5): e0176762. https://doi.org/10.1371/journal.pone.0176762",Mulak et al (2017),yes,CI,1,non-native,AusE_accent_change,eye-tracking,familiarization,central fixation,looking_time,within_two,Australian English,typical,NA,NA,20,NA,373.4988,NA,6168.07,5581.695,3597.86,3401.585,NA,NA,NA,NA,NA,NA,nonnative,NA,NA,NA,NA,11.5,NA,14,NA,NA,NA,NA,NA,E-I,NA,NA,NA,NA,NA,NA,NA,NA,NA,NA,NA,NA,natural,ɛ-I,NHDutch,0,NA,NA,NA,NA,NA,NA,459.5,364.5,1975.5,2459.5,NA,NA,57,58,NA,NA,NA,NA,NA,NA,NA,NA,NA,NA,NA,NA,NA,NA,NA,NA,NA,NA,NA,NA,NA,NA,NA,NA,NA,NA,NA,NA,NA,NA,NA,NA,NA,NA,NA,NA,NA,NA,NA,NA,NA,NA,NA,NA,NA,NA,NA,NA,NA,NA,NA,NA,NA,NA,NA,NA,NA,NA,NA,NA,NA,NA,NA,NA,NA,NA,NA,NA,NA,NA,NA,NA,NA,NA,0.62,Vowel discrimination (non-native),inphondb-nonnative,early_language,0.16748316326524254,0.0387012652494333,0.16050469812919077,0.03554334950859413,0.08344949167635585,0.00947458923540734,0.08364401411143287,0.058823529411764705,0.3037808550504326,0.1273220592778445,group_means_two,373.4988,20,mulak2017 AusE_accent_change,,12.271259779461591,2017
